{"cameraMode":{"drawMode":0,"name":"Shaded","section":"Shading Mode"},"sceneLighting":true,"audioPlay":false,"sceneViewState":{"showFog":true,"showMaterialUpdate":true,"showSkybox":true,"showFlares":true,"showImageEffects":true,"showParticleSystems":true},"in2DMode":false,"pivot":{"x":2.7113702297210695,"y":1.2181838750839234,"z":-8.659031867980957},"rotation":{"x":-0.11572674661874771,"y":-0.08362652361392975,"z":0.009832829236984253,"w":-0.9897318482398987},"size":2.324247121810913,"orthographic":false}