{"cameraMode":{"drawMode":0,"name":"Shaded","section":"Shading Mode"},"sceneLighting":false,"audioPlay":false,"sceneViewState":{"showFog":true,"showMaterialUpdate":true,"showSkybox":false,"showFlares":true,"showImageEffects":true,"showParticleSystems":true},"in2DMode":false,"pivot":{"x":0.0,"y":1.3012971878051758,"z":-1.1920928955078126e-7},"rotation":{"x":0.4017333686351776,"y":-0.0033323296811431648,"z":0.001368596451357007,"w":0.9157718420028687},"size":3.198978900909424,"orthographic":false}