{"cameraMode":{"drawMode":0,"name":"Shaded","section":"Shading Mode"},"sceneLighting":false,"audioPlay":false,"sceneViewState":{"showFog":true,"showMaterialUpdate":true,"showSkybox":false,"showFlares":true,"showImageEffects":true,"showParticleSystems":true},"in2DMode":false,"pivot":{"x":-0.6770205497741699,"y":2.6254398822784426,"z":-0.5850927233695984},"rotation":{"x":0.14720465242862702,"y":-0.2008727490901947,"z":0.03050493821501732,"w":0.9680270552635193},"size":22.0,"orthographic":false}