{"cameraMode":{"drawMode":0,"name":"Shaded","section":"Shading Mode"},"sceneLighting":true,"audioPlay":false,"sceneViewState":{"showFog":true,"showMaterialUpdate":true,"showSkybox":true,"showFlares":true,"showImageEffects":true,"showParticleSystems":true},"in2DMode":false,"pivot":{"x":-2.9627840518951418,"y":0.0022797584533691408,"z":-1.1240167617797852},"rotation":{"x":0.08425728231668472,"y":-0.28066909313201907,"z":0.024662459269165994,"w":0.9558073878288269},"size":15.10053825378418,"orthographic":false}